tia maria, 
grand marnier, 
carbonated water, 
raspberry syrup, 
dry vermouth, 
egg, 
food coloring, 
olive brine, 
peachtree schnapps, 
pisang ambon, 
pina colada mix, 
blackberry brandy, 
tea, 
amaretto, 
cream of coconut, 
blended whiskey, 
vanilla ice-cream, 
cherry brandy, 
blue curacao, 
jim beam, 
beer, 
everclear, 
kirschwasser, 
aperol, 
coconut liqueur, 
milk, 
almond, 
melon liqueur, 
cranberry juice, 
apple juice, 
tequila, 
lemon peel, 
ginger ale, 
st. germain, 
apple schnapps, 
apfelkorn, 
sweet vermouth, 
carbonated soft drink, 
chocolate ice-cream, 
anis, 
wine, 
lime juice, 
absolut peppar, 
light rum, 
lemon-lime soda, 
sloe gin, 
allspice, 
cocoa powder, 
creme de banane, 
condensed milk, 
sour mix, 
triple sec, 
cider, 
peach brandy, 
passion fruit syrup, 
mint, 
lime peel, 
sprite, 
vermouth, 
agave syrup, 
maraschino cherry, 
brown sugar, 
grapefruit juice, 
espresso, 
jack daniels, 
salt, 
creme de cacao, 
angelica root, 
egg yolk, 
peychaud bitters, 
cachaca, 
coconut milk, 
lime juice cordial, 
root beer, 
brandy, 
maple syrup, 
tonic water, 
wormwood, 
papaya, 
cognac, 
ice, 
rum, 
erin cream, 
marshmallows, 
guinness stout, 
godiva liqueur, 
tomato juice, 
blackcurrant squash, 
marjoram leaves, 
lavender, 
green creme de menthe, 
vanilla, 
anise, 
port, 
mint syrup, 
scotch, 
pepper, 
pepsi cola, 
orange juice, 
cinnamon, 
midori melon liqueur, 
glycerine, 
passion fruit juice, 
advocaat, 
tropicana, 
light cream, 
berries, 
vanilla extract, 
limeade, 
apple, 
asafoetida, 
malibu rum, 
lemon, 
honey, 
tennessee whiskey, 
drambuie, 
peach nectar, 
fresh lime juice, 
fresca, 
egg white, 
absolut citron, 
crown royal, 
club soda, 
pink lemonade, 
raspberry liqueur, 
butterscotch schnapps, 
iced tea, 
cherry liqueur, 
grape soda, 
lemonade, 
black pepper, 
grape juice, 
guava juice, 
apple brandy, 
campari, 
daiquiri mix, 
bitter lemon, 
coffee, 
galliano, 
kahlua, 
coconut syrup, 
peach bitters, 
maraschino liqueur, 
prosecco, 
anisette, 
orgeat syrup, 
caramel sauce, 
powdered sugar, 
bacardi limon, 
chambord raspberry liqueur, 
chocolate syrup, 
whipping cream, 
fresh lemon juice, 
bitters, 
caramel coloring, 
half-and-half, 
blueberry schnapps, 
bailey's irish cream, 
schweppes russchian, 
chocolate sauce, 
soda water, 
pineapple juice, 
fruit juice, 
goldschlager, 
sherbet, 
sirup of roses, 
fennel seeds, 
151 proof rum, 
cream, 
sugar syrup, 
dark creme de cacao, 
curacao, 
ginger beer, 
hot chocolate, 
coffee liqueur, 
zima, 
lemon juice, 
almond flavoring, 
grain alcohol, 
white creme de menthe, 
chocolate, 
peppermint extract, 
frangelico, 
cherry, 
creme de mure, 
apricot brandy, 
lime vodka, 
strawberry liqueur, 
aquavit, 
dark rum, 
coca-cola, 
peach schnapps, 
grenadine, 
coriander, 
mountain dew, 
cumin seed, 
heavy cream, 
white rum, 
chocolate milk, 
sweet and sour, 
cherry grenadine, 
green chartreuse, 
wild turkey, 
mini-snickers bars, 
apple cider, 
orange peel, 
sambuca, 
cayenne pepper, 
sarsaparilla, 
benedictine, 
nutmeg, 
angostura bitters, 
corn syrup, 
whipped cream, 
red wine, 
creme de cassis, 
cherries, 
kummel, 
rye whiskey, 
tabasco sauce, 
worcestershire sauce, 
southern comfort, 
oreo cookie, 
cardamom, 
olive, 
strawberries, 
champagne, 
banana, 
lager, 
surge, 
cloves, 
dr. pepper, 
water, 
lillet blanc, 
sherry, 
ouzo, 
ginger, 
yoghurt, 
johnnie walker, 
sugar, 
pineapple syrup, 
orange bitters, 
orange spiral, 
candy, 
fruit, 
rumple minze, 
cornstarch, 
gin, 
celery salt, 
jello, 
irish cream, 
vodka, 
kool-aid, 
blackcurrant cordial, 
licorice root, 
hot damn, 
butter, 
yellow chartreuse, 
bourbon, 
fruit punch, 
lime, 
7-up, 
añejo rum, 
jägermeister, 
banana liqueur, 
orange, 
apricot, 
gold tequila, 
orange curacao, 
pineapple, 
cointreau, 
carrot, 